Title,Link
,http://en.childrenslibrary.org/library/books.html
,http://en.childrenslibrary.org/library/books.html
Book list,http://en.childrenslibrary.org/library/books.html
Books by language,http://en.childrenslibrary.org/library/books_by_language.html
Books by color,http://en.childrenslibrary.org/library/books_by_color.html
Books by shape,http://en.childrenslibrary.org/library/books_by_shape.html
Books by format,http://en.childrenslibrary.org/library/books_by_format.html
Books by genre (different kinds),http://en.childrenslibrary.org/library/books_by_genre.html
Books by character,http://en.childrenslibrary.org/library/books_by_character.html
Books by true vs. make believe,http://en.childrenslibrary.org/library/books_by_fiction.html
