title,author,link
The Easter Bunny School,,https://www.storyberries.com/bedtime-stories-the-easter-bunny-school-easter-stories-for-kids/
It’s Raining Easter Eggs!,,https://www.storyberries.com/bedtime-stories-its-raining-easter-eggs-by-jade-maitre-easter-stories-for-kids/
Goldilocks and the FOUR Bears!,,https://www.storyberries.com/bedtime-stories-goldilocks-and-the-four-bears-fairy-tales-for-kids/
Aiman’s School Bag,,https://www.storyberries.com/bedtime-stories-aimans-school-bag-short-stories-for-kids/
Egg,,https://www.storyberries.com/bedtime-stories-egg-free-baby-books-online/
Baby Bunny and the Easter Picnic,,https://www.storyberries.com/bedtime-stories-baby-bunny-and-the-easter-picnic-easter-stories-for-kids/
Mama Chick’s New Easter Hat,,https://www.storyberries.com/bedtime-stories-mama-chicks-new-easter-hat-free-kids-books-online/
The Day Mum Became A Monster !,,https://www.storyberries.com/bedtime-stories-the-day-mum-became-a-monster-free-books-online/
My City My Dogs,,https://www.storyberries.com/bedtime-stories-my-city-my-dogs-free-kids-books-online/
The Pumpkin Chase,,https://www.storyberries.com/the-pumpkin-chase-short-stories-for-kids/
The White Duck,,https://www.storyberries.com/russian-fairy-tales-the-white-duck-bedtime-story/
Sunshine Stories,,https://www.storyberries.com/fairy-tales-sunshine-stories-by-hans-christian-andersen/
The Shell Shocked Turtle,,https://www.storyberries.com/bedtime-stories-the-shell-shocked-turtle-short-stories-for-kids/
Lost Toy,,https://www.storyberries.com/free-kids-books-lost-toy-bedtime-stories/
Amazing Daisy!,,https://www.storyberries.com/bedtime-stories-amazing-daisy-inspirational-short-stories-for-kids/
Whose Button Is This?,,https://www.storyberries.com/whose-button-is-this/
Tails In A Tangle,,https://www.storyberries.com/bedtime-stories-tails-in-a-tangle-short-stories-for-kids/
The Dream Ship,,https://www.storyberries.com/poems-for-kids-the-dream-ship-by-eugene-field/
Lets Have An Inside Day,,https://www.storyberries.com/bedtime-stories-lets-have-an-inside-day-short-stories-for-kids/
"Good Night, Sleep Tight, Don’t Let The Dragons Bite",,https://www.storyberries.com/bedtime-stories-good-night-sleep-tight-dont-let-the-dragons-bite-free-books-for-kids-online/
The Golden Bird,,https://www.storyberries.com/fairy-tales-the-golden-bird-by-brothers-grimm/
Prince Hyacinth and the Dear Little Princess,,https://www.storyberries.com/fairy-tales-prince-hyacinth-and-the-dear-little-princess-blue-fairy-book/
The Jackal and the Alligator,,https://www.storyberries.com/fairy-tales-the-jackal-and-the-alligator/
How Jack Went To Seek His Fortune,,https://www.storyberries.com/fairy-tales-how-jack-went-to-seek-his-fortune-english/
Bamboo and the Turtle,,https://www.storyberries.com/chinese-fairy-tales-bamboo-and-the-turtle/
Mama Antelope’s House,,https://www.storyberries.com/short-stories-for-kids-mama-antelopes-house-bedtime-stories/
Lions Are Always Brave,,https://www.storyberries.com/bedtime-stories-lions-are-always-brave-short-stories-for-kids/
My Special Hair,,https://www.storyberries.com/bedtime-stories-my-special-hair/
The Adventures of Pinocchio,,https://www.storyberries.com/bedtime-stories-the-adventures-of-pinocchio-original-story-book/
The Wonderful Wizard of Oz,,https://www.storyberries.com/bedtime-stories-the-wonderful-wizard-of-oz-by-l-frank-baum/
Alice in Wonderland,,https://www.storyberries.com/bedtime-stories-alice-in-wonderland-by-lewis-carroll-june-feature/
Pepper and Carrot Comic – Episode 6,,https://www.storyberries.com/pepper-and-carrot-episode-6/
Pepper and Carrot Comic – Episode 10,,https://www.storyberries.com/pepper-and-carrot-comic-episode-10-summer-special/
Pepper and Carrot Comic – Episode 5,,https://www.storyberries.com/pepper-and-carrot-episode-5/
There Was a Little Girl Who Had a Little Curl,,https://www.storyberries.com/nursery-rhymes-there-was-a-little-girl-who-had-a-little-curl-kids-songs/
Multiplication,,https://www.storyberries.com/nursery-rhymes-multiplication-kids-songs-poems-for-kids/
Little Jack Horner,,https://www.storyberries.com/nursery-rhymes-little-jack-horner-kids-songs-poems/
"Peter, Peter, Pumpkin Eater",,https://www.storyberries.com/nursery-rhymes-peter-peter-pumpkin-eater-kids-songs-poems-for-kids/
Camera Shy,,https://www.storyberries.com/poems-for-kids-camera-shy-by-arden-davidson/
"Forever, Child",,https://www.storyberries.com/poems-for-kids-forever-child-by-arden-davidson/
Elftopia,,https://www.storyberries.com/writing-by-kids-elftopia-stories-written-by-children-authors/
Duke and Misty – Forever Friends!,,https://www.storyberries.com/kids-writing-duke-and-misty-forever-friends-bedtime-stories/
Lost,,https://www.storyberries.com/bedtime-stories-lost-stories-for-kids-by-kids/
