title,author,link,image_url
The Easter Bunny School,Andrea Kaczmarek,https://www.storyberries.com/bedtime-stories-the-easter-bunny-school-easter-stories-for-kids/,https://www.storyberries.com/wp-content/uploads/2023/03/Bedtime-stories-The-Easter-Bunny-School-short-stories-for-kids-header-978x652.jpg
It’s Raining Easter Eggs!,Jade Maitre,https://www.storyberries.com/bedtime-stories-its-raining-easter-eggs-by-jade-maitre-easter-stories-for-kids/,https://www.storyberries.com/wp-content/uploads/2023/03/Easter-Bedtime-Stories-Its-Raining-Easter-Eggs-by-Jade-Maitre-short-stories-for-kids-header-428x260.jpg
Goldilocks and the FOUR Bears!,Andrea Kaczmarek,https://www.storyberries.com/bedtime-stories-goldilocks-and-the-four-bears-fairy-tales-for-kids/,https://www.storyberries.com/wp-content/uploads/2023/03/Bedtime-stories-Goldilocks-and-the-Four-Bears-fairy-tales-for-kids-header2-428x260.jpg
Aiman’s School Bag,Storyweaver,https://www.storyberries.com/bedtime-stories-aimans-school-bag-short-stories-for-kids/,https://www.storyberries.com/wp-content/uploads/2023/03/Bedtime-Stories-Aimans-School-Bag-short-stories-for-kids-header-428x260.jpg
Baby Bunny and the Easter Picnic,Jade Maitre,https://www.storyberries.com/bedtime-stories-baby-bunny-and-the-easter-picnic-easter-stories-for-kids/,https://www.storyberries.com/wp-content/uploads/2022/04/Bedtime-stories-Baby-Bunny-and-the-Easter-Picnic-short-easter-stories-for-kids-header-428x260.jpg
Mama Chick’s New Easter Hat,Andrea Kaczmarek,https://www.storyberries.com/bedtime-stories-mama-chicks-new-easter-hat-free-kids-books-online/,https://www.storyberries.com/wp-content/uploads/2021/03/Bedtime-stories-Mama-Chicks-New-Easter-Hat-free-kids-books-online-header-428x260.jpg
Egg,Book Dash,https://www.storyberries.com/bedtime-stories-egg-free-baby-books-online/,https://www.storyberries.com/wp-content/uploads/2020/11/Bedtime-stories-EGG-free-books-for-kids-header-428x260.jpg
Squiff and the Birthday Surprise,Geoff Blackwell,https://www.storyberries.com/bedtime-stories-squiff-and-the-birthday-surprise/,https://www.storyberries.com/wp-content/uploads/2018/05/Squiff-and-the-Bday-Surprise-short-story-for-kids-page-3-428x260.jpg
"Woof, Woof!",Book Dash,https://www.storyberries.com/bedtime-stories-woof-woof-stories-for-kids-about-dogs/,https://www.storyberries.com/wp-content/uploads/2019/05/Bedtime-stories-Woof-Woof-stories-for-kids-header-2-428x260.jpg
The Farmer and the Pixie,Katharine Pyle,https://www.storyberries.com/fairy-tales-the-farmer-and-the-pixie-by-katharine-pyle/,https://www.storyberries.com/wp-content/uploads/2015/10/Illustration-bedtime-stories-The-Farmer-and-the-Pixie-428x260.jpg
The Faithless Parrot,Charles H. Bennett,https://www.storyberries.com/the-faithless-parrot/,https://www.storyberries.com/wp-content/uploads/2017/08/The-Faithless-Parrot-Vintage-Childrens-Story-Header-428x260.jpg
Three Feathers,Joseph Jacobs,https://www.storyberries.com/english-fairy-tales-three-feathers-stories-for-kids/,https://www.storyberries.com/wp-content/uploads/2019/01/Fairy-Tales-illustration-Three-Feathers-story-for-kids-428x260.jpg
Why the Sea is Salt,Peter Christen Asbjørnsen & Jørgen Engebretsen Moe,https://www.storyberries.com/fairy-tales-why-the-sea-is-salt-by-asbjornsen-and-moe/,https://www.storyberries.com/wp-content/uploads/2019/01/Fairy-tales-Why-The-Sea-Is-Salt-by-Asbjornsen-and-Moe-illustration-of-ship-on-ocean-428x260.jpg
Baby Babble,Book Dash,https://www.storyberries.com/bedtime-stories-baby-babble-stories-for-babies/,https://www.storyberries.com/wp-content/uploads/2019/08/baby-babble-bedtime-story-header-illustration-24-428x260.jpg
What Is It?,Book Dash,https://www.storyberries.com/what-is-it/,https://www.storyberries.com/wp-content/uploads/2016/09/bedtime-stories-for-babies-cover-illustration-what-is-it-428x260.jpg
Ollie the Octopus and Sukey the Spider,Phoebe Coghlan,https://www.storyberries.com/bedtime-stories-ollie-the-octopus-and-sukey-the-spider-short-stories-for-kids/,https://www.storyberries.com/wp-content/uploads/2022/07/Bedtime-stories-Ollie-the-Octopus-and-Sukey-the-Spider-short-stories-for-kids-header-428x260.jpg
So So Rock-a-Bye So,Eugene Field,https://www.storyberries.com/bedtime-lullabies-poems-for-kids-so-so-rock-a-bye-so/,https://www.storyberries.com/wp-content/uploads/2018/02/Illustration-for-lullaby-poem-for-kids-So-So-Rock-a-By-So-428x260.jpg
Mama Antelope’s House,Book Dash,https://www.storyberries.com/short-stories-for-kids-mama-antelopes-house-bedtime-stories/,https://www.storyberries.com/wp-content/uploads/2020/01/Short-stories-for-kids-Mama-Antelopes-House-bedtime-stories-header-1-428x260.jpg
Why is Nita Upside Down?,Book Dash,https://www.storyberries.com/why-is-nita-upside-down/,https://www.storyberries.com/wp-content/uploads/2016/01/Header-Illustration-Why-is-Nita-Upside-Down-428x260.jpg
The Pumpkin Giant,Mary E. Wilkins Freeman,https://www.storyberries.com/halloween-fairy-tales-the-pumpkin-giant/,https://www.storyberries.com/wp-content/uploads/2019/10/Halloween-fairy-tales-The-Pumpkin-King-short-stories-for-kids-428x260.jpg
Pepper and Carrot Comic – Episode 23,David Revoy,https://www.storyberries.com/pepper-and-carrot-comic-episode-23-take-a-chance/,https://www.storyberries.com/wp-content/uploads/2018/02/Free-online-comics-Pepper-and-Carrot-episode-23-header-428x260.jpg
Cap O’ Rushes,Joseph Jacobs,https://www.storyberries.com/fairy-tales-cap-o-rushes-bedtime-story/,https://www.storyberries.com/wp-content/uploads/2018/11/Fairy-Tales-Cap-O-Rushes-bedtime-story-illustration-428x260.jpg
The Princess of Canterbury,Joseph Jacobs,https://www.storyberries.com/english-fairy-tales-the-princess-of-canterbury-stories-for-kids/,https://www.storyberries.com/wp-content/uploads/2019/03/The-Princess-of-Canterbury-fairy-tales-illustration-428x260.jpg
Giauna the Beautiful,Richard Wilhelm,https://www.storyberries.com/fairy-tales-giauna-the-beautiful-chinese-fairy-tales/,https://www.storyberries.com/wp-content/uploads/2019/04/Fairy-Tales-Giauna-the-Beautiful-Chinese-folk-tales-428x260.jpg
The Wonderful Sheep,Andrew Lang,https://www.storyberries.com/fairy-tales-the-wonderful-sheep-fairy-tales-stories/,https://www.storyberries.com/wp-content/uploads/2019/07/Fairy-Tales-The-Wonderful-Sheep-illustration-428x260.jpg
Jane and Jake Run A Race,Jade Maitre,https://www.storyberries.com/bedtime-stories-jane-and-jake-run-a-race-free-phonics-books-for-learning-to-read/,https://www.storyberries.com/wp-content/uploads/2020/07/Bedtime-stories-Jake-and-Jane-Run-A-Race-Free-Phonics-Books-for-Kids-428x260.jpg
Palesa Can Walk,Book Dash,https://www.storyberries.com/toddler-stories-palesa-can-walk/,https://www.storyberries.com/wp-content/uploads/2018/02/Palesa-Can-Walk-stories-for-toddlers-header-illustration-428x260.jpg
The Sea,Book Dash,https://www.storyberries.com/bedtime-stories-the-sea/,https://www.storyberries.com/wp-content/uploads/2017/02/Free-Picture-Book-The-Sea-Header-428x260.jpg
A Little Princess,Frances Hodgson Burnett,https://www.storyberries.com/fairy-tales-a-little-princess-by-frances-hodgson-burnett-bedtime-stories/,https://www.storyberries.com/wp-content/uploads/2019/01/Fairy-Tales-A-Little-Princess-by-Frances-Hodgson-Burnett-chapter-book-header-illustration-428x260.jpg
The Princess and the Goblin,George MacDonald,https://www.storyberries.com/fairy-tales-the-princess-and-the-goblin-by-george-macdonald/,https://www.storyberries.com/wp-content/uploads/2017/02/Fairy-Tales-The-Princess-and-the-Goblin-illustration-428x260.jpg
The Adventures of Blinky Bill,Dorothy Wall,https://www.storyberries.com/bedtime-stories-the-adventures-of-blinky-bill-by-dorothy-wall/,https://www.storyberries.com/wp-content/uploads/2018/11/Blinky-Bill-Australian-kids-story-cover-illustration-428x260.jpg
Pepper and Carrot Comic – Episode 16,David Revoy,https://www.storyberries.com/pepper-and-carrot-comic-episode-16-the-sage-of-the-mountain/,https://www.storyberries.com/wp-content/uploads/2018/02/Free-online-comics-Pepper-and-Carrot-episode-16-header-428x260.jpg
Pepper and Carrot – Episode 4,David Revoy,https://www.storyberries.com/pepper-and-carrot-episode-4/,https://www.storyberries.com/wp-content/uploads/2017/11/Pepper-and-Carrot-free-comic-illustration-428x260.jpg
Pepper and Carrot Comic – Episode 9,David Revoy,https://www.storyberries.com/pepper-and-carrot-comic-episode-9-the-remedy/,https://www.storyberries.com/wp-content/uploads/2017/11/Free-online-comic-Pepper-and-Carrot-Episode-9-header-428x260.jpg
The North Wind Doth Blow,A Vintage Author,https://www.storyberries.com/nursery-rhymes-the-north-wind-doth-blow-kids-songs-poems-for-kids/,https://www.storyberries.com/wp-content/uploads/2020/03/Nursery-rhymes-The-North-Wind-Doth-Blow-kids-songs-428x260.jpg
Cross Patch,A Vintage Author,https://www.storyberries.com/nursery-rhymes-cross-patch-kids-songs/,https://www.storyberries.com/wp-content/uploads/2020/03/Nursery-rhymes-Cross-Patch-kids-songs-428x260.jpg
"Pat-a-Cake, Pat-a-Cake",A Vintage Author,https://www.storyberries.com/nursery-rhymes-pat-a-cake-pat-a-cake-poems-for-kids/,https://www.storyberries.com/wp-content/uploads/2020/03/Nursery-Rhymes-Pat-a-Cake-Poems-for-Kids-428x260.jpg
The Jabberwocky,Lewis Carroll,https://www.storyberries.com/poems-for-kids-the-jabberwocky-by-lewis-carroll/,https://www.storyberries.com/wp-content/uploads/2015/09/Dragon-illustration-for-poems-for-kids-The-Jabberwocky-428x260.jpg
The Fly-Away Horse,Eugene Field,https://www.storyberries.com/poems-for-kids-the-fly-away-horse-by-eugene-field/,https://www.storyberries.com/wp-content/uploads/2018/02/Illustration-for-kids-poem-The-Flyaway-Horse-by-Eugene-Field-428x260.jpg
Twas the Night Before Christmas,Clement Clarke Moore,https://www.storyberries.com/poems-for-kids-twas-the-night-before-christmas/,https://www.storyberries.com/wp-content/uploads/2015/09/Illustration-of-santa-Twas-the-Night-Before-Christmas-poem-428x260.jpg
The Time Machine,Storyberries Kids Write,https://www.storyberries.com/kids-writing-the-time-machine-short-stories-by-kids/,https://www.storyberries.com/wp-content/uploads/2020/10/Kids-writing-The-Time-Machine-lightning-header-1-428x260.jpg
The Red Sash Warriors,Storyberries Kids Write,https://www.storyberries.com/childrens-writing-the-red-sash-warriors-stories-by-kids/,https://www.storyberries.com/wp-content/uploads/2022/03/Childrens-writing-The-Red-Sash-Warriors-stories-by-kids-header-428x260.jpg
The Horrible Ghost,Storyberries Kids Write,https://www.storyberries.com/stories-by-kids-the-horrible-ghost-kids-writing/,https://www.storyberries.com/wp-content/uploads/2021/10/The-Horrible-Ghost-Kids-Writing-and-stories-by-kids-header-428x260.jpg
